case,codec,quality,mean,worst_second,bytes,savings,seconds
FourPeople_1280x720_60-720-30-1800,old,34,87.015807,86.16245376666666,99310,75.62520095525846,0.6687091999920085
FourPeople_1280x720_60-720-30-1800,hevc,30,95.023109,94.9995007,269184,33.93106528990327,0.5934206000092672
FourPeople_1280x720_60-720-30-1800,hevc,32,93.677825,93.55918136666668,216554,46.848653385006955,0.5714315999939572
FourPeople_1280x720_60-720-30-1800,hevc,34,92.024569,91.9094028,174217,57.239911739223274,0.5491093000018736
FourPeople_1280x720_60-720-30-1800,hevc,36,89.891325,89.65958333333333,138736,65.94842291540365,0.5517447000020184
FourPeople_1280x720_60-720-30-1800,av1,32,96.542709,96.38260853333333,391999,3.7871629167290477,0.5207020999951055
FourPeople_1280x720_60-720-30-1800,av1,34,95.973609,95.83762676666667,329733,19.069825662876227,0.49319360000663437
FourPeople_1280x720_60-720-30-1800,av1,36,95.138278,95.0740151,277857,31.802350839041893,0.5399056000023847
FourPeople_1280x720_60-720-30-1800,av1,38,94.300825,94.28873253333333,234754,42.38161741064087,0.5405771999940043
FourPeople_1280x720_60-720-30-1800,av1,40,93.204454,93.15983373333333,199071,51.139707777305986,0.5340439999999944
FourPeople_1280x720_60-720-30-1800,av1,42,91.860054,91.80295653333333,171227,57.97378193501199,0.47940929999458604
FourPeople_1280x720_60-720-30-1800,av1,44,90.257192,90.16128923333333,147501,63.7971278431334,0.5851761000085389
FourPeople_1280x720_60-720-60-3500,old,28,92.400155,91.87267315000001,256914,67.5078253941153,0.8953244000003906
FourPeople_1280x720_60-720-60-3500,hevc,24,96.732238,96.64454283333333,926222,-17.140237386097045,0.8077641999989282
FourPeople_1280x720_60-720-60-3500,hevc,26,96.219123,96.06009216666666,719934,8.949215563523227,0.7093461000040406
FourPeople_1280x720_60-720-60-3500,hevc,28,95.409627,95.16705925,545554,31.003231334458924,0.682651100010844
FourPeople_1280x720_60-720-60-3500,hevc,30,94.528229,94.1578712,416559,47.31736004401191,0.6831619000004139
FourPeople_1280x720_60-720-60-3500,av1,26,97.176327,97.08866856666667,1224915,-54.91624456965074,0.5721510000003036
FourPeople_1280x720_60-720-60-3500,av1,28,96.8917,96.83052075,997033,-26.09577650042052,0.6630888999934541
FourPeople_1280x720_60-720-60-3500,av1,30,96.447427,96.32047196666667,772796,2.263704715471837,0.742759600005229
FourPeople_1280x720_60-720-60-3500,av1,32,95.989576,95.831339,618234,21.81131789122228,0.5898656999925151
FourPeople_1280x720_60-720-60-3500,av1,34,95.368283,95.14314581666667,500165,36.74362427990565,0.682172900007572
FourPeople_1280x720_60-720-60-3500,av1,36,94.743835,94.49564591666667,404759,48.80971803286982,0.6058723000023747
FourPeople_1280x720_60-720-60-3500,av1,38,93.900578,93.52081928333334,331059,58.13063191243146,0.56587039999431
ducks_take_off_420_720p50-720-30-1800,old,34,63.3173,61.438938066666665,705522,-37.91228231357011,0.5752293999976246
ducks_take_off_420_720p50-720-30-1800,hevc,30,82.066722,80.3868036,1092733,-113.60255525604362,0.5719391000020551
ducks_take_off_420_720p50-720-30-1800,hevc,32,74.67024,72.5747793,876817,-71.39626211703902,0.5603238999901805
ducks_take_off_420_720p50-720-30-1800,hevc,34,66.381476,64.77491933333333,698553,-36.55001339007335,0.5557287999981781
ducks_take_off_420_720p50-720-30-1800,hevc,36,57.379396,55.56658823333333,543894,-6.317964396088138,0.5846400000009453
ducks_take_off_420_720p50-720-30-1800,av1,32,88.521182,87.78630186666666,1463147,-186.0094258297447,0.5481492999970214
ducks_take_off_420_720p50-720-30-1800,av1,34,84.991696,84.0707459,1247237,-143.8043055438813,0.5517419999960111
ducks_take_off_420_720p50-720-30-1800,av1,36,80.856771,79.7829708,1060911,-107.38213314619811,0.5384266000037314
ducks_take_off_420_720p50-720-30-1800,av1,38,76.097769,75.15086840000001,894636,-74.87944047086144,0.5117214000056265
ducks_take_off_420_720p50-720-30-1800,av1,40,70.94247,70.0928659,753594,-47.30918168081584,0.5205199000047287
ducks_take_off_420_720p50-720-30-1800,av1,42,65.390117,64.4354922,627003,-22.563739681335804,0.5123963999940315
ducks_take_off_420_720p50-720-30-1800,av1,44,59.785638,58.65094953333333,521389,-1.918787738993255,0.514014500004123
ducks_take_off_420_720p50-720-60-3500,old,28,82.440248,81.54533316666667,2419020,-110.23183538957313,0.8260695000062697
ducks_take_off_420_720p50-720-60-3500,hevc,24,88.178765,86.86607914999999,3291790,-186.08240255022403,0.8008583999908296
ducks_take_off_420_720p50-720-60-3500,hevc,26,87.907299,87.01904816666666,3118113,-170.98850730547417,0.8378894999914337
ducks_take_off_420_720p50-720-60-3500,hevc,28,83.556328,82.28993696666666,2476246,-115.20522420488004,0.9079956999921706
ducks_take_off_420_720p50-720-60-3500,hevc,30,78.470928,76.1986686,1979671,-72.04895693194419,0.7909898000070825
ducks_take_off_420_720p50-720-60-3500,av1,26,93.592947,92.7684149,3868966,-236.24352971031874,0.7336856000038097
ducks_take_off_420_720p50-720-60-3500,av1,28,92.939971,92.02566546666667,3610783,-213.80539941111238,0.6821065000112867
ducks_take_off_420_720p50-720-60-3500,av1,30,90.86495,89.88980886666667,3062296,-166.13757165552508,0.6770829999877606
ducks_take_off_420_720p50-720-60-3500,av1,32,88.320273,87.29003825,2594615,-125.49241989703157,0.7021486999874469
ducks_take_off_420_720p50-720-60-3500,av1,34,85.364498,84.45744565,2202644,-91.42706171500481,0.6320802999980515
ducks_take_off_420_720p50-720-60-3500,av1,36,81.931674,81.12920188333332,1863762,-61.97555455901218,0.6392391999979736
ducks_take_off_420_720p50-720-60-3500,av1,38,78.035149,77.37532955,1566716,-36.15992435540445,0.6644240000023274
blue_sky_1080p25-720-30-1800,old,34,84.564141,83.62113743333333,229344,63.75887286908923,0.6965226999891456
blue_sky_1080p25-720-30-1800,hevc,30,96.049315,95.45311029999999,566620,10.462242505072473,0.6201352999923984
blue_sky_1080p25-720-30-1800,hevc,32,94.43738,93.24139176666667,447737,29.248231747014984,0.6381691999995383
blue_sky_1080p25-720-30-1800,hevc,34,91.657611,90.19243136666667,355338,43.849197570271855,0.6216233000013744
blue_sky_1080p25-720-30-1800,hevc,36,87.938375,86.04354013333334,280523,55.67152528017092,0.6129675999982283
blue_sky_1080p25-720-30-1800,av1,32,97.506709,97.32639233333333,765772,-21.00792000353966,0.5508149999950547
blue_sky_1080p25-720-30-1800,av1,34,97.06953,96.7946939,640233,-1.170144178196919,0.5899323000048753
blue_sky_1080p25-720-30-1800,av1,36,96.517289,96.17887816666666,529005,16.40619568034284,0.5731112000066787
blue_sky_1080p25-720-30-1800,av1,38,95.788188,95.17417923333332,436607,31.007003482778895,0.6026973000116413
blue_sky_1080p25-720-30-1800,av1,40,94.73121,93.41683663333333,366945,42.01504990297522,0.6900634999910835
blue_sky_1080p25-720-30-1800,av1,42,92.970903,91.03542063333333,305848,51.669647992819534,0.6965053000021726
blue_sky_1080p25-720-30-1800,av1,44,91.088754,88.6629116,268599,57.55576554766856,0.671772300003795
blue_sky_1080p25-720-60-3500,old,28,89.177564,88.71515796666667,544166,55.7229361709745,1.0228925999981584
blue_sky_1080p25-720-60-3500,hevc,24,95.277287,95.02886776666668,1494974,-21.641299200489495,0.8840300999872852
blue_sky_1080p25-720-60-3500,hevc,26,94.330077,93.9699084,1186940,3.4224517128531917,0.8768627000099514
blue_sky_1080p25-720-60-3500,hevc,28,93.10689,92.63419305000001,937956,23.68149116112097,0.9165039000072284
blue_sky_1080p25-720-60-3500,hevc,30,91.597111,90.99385598333333,746352,39.27170175475712,0.9777000000030966
blue_sky_1080p25-720-60-3500,av1,26,95.727693,95.63617405,2388264,-94.32547709442296,0.7240039000025718
blue_sky_1080p25-720-60-3500,av1,28,95.110056,95.00682776666666,1854987,-50.93441670558714,0.7252598000050057
blue_sky_1080p25-720-60-3500,av1,30,94.397088,94.27111538333334,1466881,-19.355460772236334,0.6935718000022462
blue_sky_1080p25-720-60-3500,av1,32,93.548747,93.3728623,1143646,6.945147363470527,0.7615217999991728
blue_sky_1080p25-720-60-3500,av1,34,92.63185,92.4675333,936874,23.769530073994993,0.7048525999998674
blue_sky_1080p25-720-60-3500,av1,36,91.708066,91.54317866666666,780466,36.49595362741477,0.7509866000036709
blue_sky_1080p25-720-60-3500,av1,38,90.085953,89.89680575000001,601888,51.026279859593394,0.6802865000063321
blue_sky_1080p25-1080-30-6000,old,28,94.843927,94.4847872,808551,61.549918468142664,1.135116499994183
blue_sky_1080p25-1080-30-6000,hevc,24,97.898108,97.82385233333333,2361187,-12.284608716038491,1.0693220999964979
blue_sky_1080p25-1080-30-6000,hevc,26,97.503527,97.38610523333334,1824326,13.245443465301287,1.0272337999922456
blue_sky_1080p25-1080-30-6000,hevc,28,96.97632,96.82224346666666,1402233,33.31778307532745,1.064020799996797
blue_sky_1080p25-1080-30-6000,hevc,30,96.342561,96.03994476666666,1078754,48.700602370391934,1.086438199999975
blue_sky_1080p25-1080-30-6000,av1,26,98.353586,98.28277116666666,2911869,-38.47190895823258,0.8234244000050239
blue_sky_1080p25-1080-30-6000,av1,28,98.124432,98.01296793333333,2317097,-10.187939372064413,0.8394548000069335
blue_sky_1080p25-1080-30-6000,av1,30,97.825941,97.68504383333334,1855979,11.740207022914994,0.8367150999984005
blue_sky_1080p25-1080-30-6000,av1,32,97.455239,97.32906513333334,1488351,29.222501365997434,0.7846991999977035
blue_sky_1080p25-1080-30-6000,av1,34,97.102576,96.85968546666666,1236314,41.20794594406948,0.8349677000078373
blue_sky_1080p25-1080-30-6000,av1,36,96.63342,96.33237293333333,1008094,52.06078962022656,0.9958740000001853
blue_sky_1080p25-1080-30-6000,av1,38,96.082727,95.7295327,827469,60.65028611048102,0.8225370000000112
sintel_trailer_2k_720p24-720-30-1800,old,34,83.40521,77.4628829,49840,93.57435517932242,0.6617379000090295
sintel_trailer_2k_720p24-720-30-1800,hevc,30,93.385307,91.47347523333333,204852,73.5893621026195,0.6050703999935649
sintel_trailer_2k_720p24-720-30-1800,hevc,32,92.318692,90.07520676666667,156284,79.8510137408753,0.6189747000025818
sintel_trailer_2k_720p24-720-30-1800,hevc,34,91.081629,88.39802710000001,120301,84.49013849172685,0.5894015999947442
sintel_trailer_2k_720p24-720-30-1800,hevc,36,89.467323,86.28851346666667,92248,88.10688436159981,0.5961496999952942
sintel_trailer_2k_720p24-720-30-1800,av1,32,95.255476,94.0457101,397737,48.72157515967418,0.5353152000025148
sintel_trailer_2k_720p24-720-30-1800,av1,34,94.810409,93.39935480000001,321683,58.52687193318567,0.5344110000005458
sintel_trailer_2k_720p24-720-30-1800,av1,36,94.228341,92.56351903333332,257509,66.80053426709745,0.5489423999970313
sintel_trailer_2k_720p24-720-30-1800,av1,38,93.549128,91.63314896666667,207284,73.27581538905835,0.5326788000093075
sintel_trailer_2k_720p24-720-30-1800,av1,40,92.651986,90.35908276666667,167142,78.45114111922769,0.6117632999958005
sintel_trailer_2k_720p24-720-30-1800,av1,42,91.538545,88.89901373333333,134212,82.69665644717537,0.5794602000096347
sintel_trailer_2k_720p24-720-30-1800,av1,44,90.349123,87.32770813333333,109071,85.93797138370537,0.5521359000122175
sintel_trailer_2k_720p24-720-60-3500,old,28,90.482281,87.91508511666667,143778,90.19097772983949,0.9333772999962093
sintel_trailer_2k_720p24-720-60-3500,hevc,24,94.859643,93.81356035,582216,60.27925197148536,0.8548761999991257
sintel_trailer_2k_720p24-720-60-3500,hevc,26,94.335322,93.1284332,440383,69.95557975211715,0.9470704000123078
sintel_trailer_2k_720p24-720-60-3500,hevc,28,93.663416,92.1700446,345951,76.39805072136,0.9099682000087341
sintel_trailer_2k_720p24-720-60-3500,hevc,30,92.850103,91.01187638333333,269224,81.63262660725775,0.9533570000057807
sintel_trailer_2k_720p24-720-60-3500,av1,26,95.871398,95.20459108333333,1085617,25.93553026287153,0.7451812000072096
sintel_trailer_2k_720p24-720-60-3500,av1,28,95.602053,94.81231883333334,849056,42.074523135574196,0.7290460000076564
sintel_trailer_2k_720p24-720-60-3500,av1,30,95.25979,94.33215701666667,648535,55.75474510718917,0.6746053999959258
sintel_trailer_2k_720p24-720-60-3500,av1,32,94.888211,93.78502386666668,501446,65.78965501479423,0.6961472000111826
sintel_trailer_2k_720p24-720-60-3500,av1,34,94.416216,93.11096813333333,390214,73.37827890130328,0.6754436000046553
sintel_trailer_2k_720p24-720-60-3500,av1,36,93.807301,92.30449931666666,308152,78.97682656182097,0.6943656000075862
sintel_trailer_2k_720p24-720-60-3500,av1,38,93.144531,91.33780968333333,246555,83.17918258829982,0.70920379999734
